{
  "length_stats": {
    "min_length": 3,
    "max_length": 4298,
    "mean_length": 162.43483412322274,
    "median_length": 39.5,
    "std_length": 515.0319565525197,
    "quartiles": [
      22.0,
      39.5,
      86.0
    ]
  },
  "nucleotide_composition": {
    "G": 30.234508917174225,
    "U": 21.283051898318682,
    "C": 24.754367409460592,
    "A": 23.723695247820853,
    "-": 0.002917684817097633,
    "X": 0.0014588424085488164
  },
  "entropy_stats": {
    "min_entropy": -0.0,
    "max_entropy": 2.08026232264472,
    "mean_entropy": 1.9010260769019593,
    "median_entropy": 1.9463871218930133
  },
  "dinucleotide_frequencies": {
    "GG": 9.66598410286897,
    "GU": 6.278852999244042,
    "UG": 6.254632993519314,
    "GC": 7.257194442609595,
    "CU": 5.274089731451513,
    "UC": 5.25794306096836,
    "CA": 5.003999970642417,
    "AG": 6.992242258772413,
    "UA": 4.6751950444400405,
    "AC": 5.1030818122435795,
    "CG": 7.085452583834247,
    "GA": 7.149305326199442,
    "AA": 6.9570131595364435,
    "CC": 7.237378074289364,
    "AU": 4.678864742277121,
    "UU": 5.122898180563813,
    "U-": 0.000733939567416019,
    "--": 0.001467879134832038,
    "-C": 0.000733939567416019,
    "G-": 0.000733939567416019,
    "-U": 0.000733939567416019,
    "XG": 0.000733939567416019,
    "XA": 0.000733939567416019
  }
}