{
    "counts": {
        "G": 41450,
        "U": 29178,
        "C": 33937,
        "A": 32524,
        "-": 4,
        "X": 2
    },
    "percentages": {
        "G": 30.234508917174225,
        "U": 21.283051898318682,
        "C": 24.754367409460592,
        "A": 23.723695247820853,
        "-": 0.002917684817097633,
        "X": 0.0014588424085488164
    },
    "total_nucleotides": 137095
}