{
    "min_length": 3,
    "max_length": 4298,
    "mean_length": 162.43483412322274,
    "median_length": 39.5,
    "std_length": 515.0319565525197
}